Workbook

Sheet README
A1: Fairway Autofill: which states to calibrate first
A2: Business Operations case study. Traction-first prioritization.
A4: Thesis | B4: Autofill is a new product, so the goal of the first ~20 calibration days is traction: live usage and referenceable customers. So we rank states by where our existing customers, especially our biggest account (customer 87), already submit paperwork, then by commitments we've made. Pipeline $ and market size only break ties.
A5: How to use | B5: Change the yellow cells on 'Weights' (or the commitment scores in Scorecard column G). 'Scorecard' and 'Top 10' recalculate.
A6: Colour legend | B6: Blue text = hard-coded input or raw data. Black = formula. Yellow fill = a key judgment assumption to debate.
A7: Tabs | B7: Top 10 | Scorecard | Weights | Calendar | Sensitivity | Pipeline | Pipeline Alloc | Market Data | Transactions | Feedback Process
A8: Data | B8: transactions.csv: 200 transactions, Sep 24-28 2026, 4 customers. sales_pipeline.csv: 20 deals. Market data: FHWA MV-1 2023 and 2025 new-vehicle sales (sources on the Market Data tab).
A9: Key caveats | B9: Only 5 days of transactions; customer 87 is 68% of the sample. The number of forms per state is assumed to be 2. Rep probabilities are uncalibrated. Full reasoning: DECISIONS.md in the repo.

Sheet Top 10
A1: Top 10 states to calibrate first (traction-first)
A2: Pulled live from the Scorecard. Change the weights on 'Weights' and this list re-orders.
A4: Rank | B4: State | C4: Score | D4: Transactions | E4: Anchor (87) txns | F4: Commitment basis | G4: Rationale
A5: 1 | B5: =INDEX(Scorecard!$A$5:$A$55,MATCH($A5,Scorecard!$R$5:$R$55,0)) | C5: =INDEX(Scorecard!$Q$5:$Q$55,MATCH($A5,Scorecard!$R$5:$R$55,0)) | D5: =INDEX(Scorecard!$C$5:$C$55,MATCH($A5,Scorecard!$R$5:$R$55,0)) | E5: =INDEX(Scorecard!$F$5:$F$55,MATCH($A5,Scorecard!$R$5:$R$55,0)) | F5: =INDEX(Scorecard!$H$5:$H$55,MATCH($A5,Scorecard!$R$5:$R$55,0)) | G5: =INDEX(Scorecard!$T$5:$T$55,MATCH($A5,Scorecard!$R$5:$R$55,0))
A6: 2 | B6: =INDEX(Scorecard!$A$5:$A$55,MATCH($A6,Scorecard!$R$5:$R$55,0)) | C6: =INDEX(Scorecard!$Q$5:$Q$55,MATCH($A6,Scorecard!$R$5:$R$55,0)) | D6: =INDEX(Scorecard!$C$5:$C$55,MATCH($A6,Scorecard!$R$5:$R$55,0)) | E6: =INDEX(Scorecard!$F$5:$F$55,MATCH($A6,Scorecard!$R$5:$R$55,0)) | F6: =INDEX(Scorecard!$H$5:$H$55,MATCH($A6,Scorecard!$R$5:$R$55,0)) | G6: =INDEX(Scorecard!$T$5:$T$55,MATCH($A6,Scorecard!$R$5:$R$55,0))
A7: 3 | B7: =INDEX(Scorecard!$A$5:$A$55,MATCH($A7,Scorecard!$R$5:$R$55,0)) | C7: =INDEX(Scorecard!$Q$5:$Q$55,MATCH($A7,Scorecard!$R$5:$R$55,0)) | D7: =INDEX(Scorecard!$C$5:$C$55,MATCH($A7,Scorecard!$R$5:$R$55,0)) | E7: =INDEX(Scorecard!$F$5:$F$55,MATCH($A7,Scorecard!$R$5:$R$55,0)) | F7: =INDEX(Scorecard!$H$5:$H$55,MATCH($A7,Scorecard!$R$5:$R$55,0)) | G7: =INDEX(Scorecard!$T$5:$T$55,MATCH($A7,Scorecard!$R$5:$R$55,0))
A8: 4 | B8: =INDEX(Scorecard!$A$5:$A$55,MATCH($A8,Scorecard!$R$5:$R$55,0)) | C8: =INDEX(Scorecard!$Q$5:$Q$55,MATCH($A8,Scorecard!$R$5:$R$55,0)) | D8: =INDEX(Scorecard!$C$5:$C$55,MATCH($A8,Scorecard!$R$5:$R$55,0)) | E8: =INDEX(Scorecard!$F$5:$F$55,MATCH($A8,Scorecard!$R$5:$R$55,0)) | F8: =INDEX(Scorecard!$H$5:$H$55,MATCH($A8,Scorecard!$R$5:$R$55,0)) | G8: =INDEX(Scorecard!$T$5:$T$55,MATCH($A8,Scorecard!$R$5:$R$55,0))
A9: 5 | B9: =INDEX(Scorecard!$A$5:$A$55,MATCH($A9,Scorecard!$R$5:$R$55,0)) | C9: =INDEX(Scorecard!$Q$5:$Q$55,MATCH($A9,Scorecard!$R$5:$R$55,0)) | D9: =INDEX(Scorecard!$C$5:$C$55,MATCH($A9,Scorecard!$R$5:$R$55,0)) | E9: =INDEX(Scorecard!$F$5:$F$55,MATCH($A9,Scorecard!$R$5:$R$55,0)) | F9: =INDEX(Scorecard!$H$5:$H$55,MATCH($A9,Scorecard!$R$5:$R$55,0)) | G9: =INDEX(Scorecard!$T$5:$T$55,MATCH($A9,Scorecard!$R$5:$R$55,0))
A10: 6 | B10: =INDEX(Scorecard!$A$5:$A$55,MATCH($A10,Scorecard!$R$5:$R$55,0)) | C10: =INDEX(Scorecard!$Q$5:$Q$55,MATCH($A10,Scorecard!$R$5:$R$55,0)) | D10: =INDEX(Scorecard!$C$5:$C$55,MATCH($A10,Scorecard!$R$5:$R$55,0)) | E10: =INDEX(Scorecard!$F$5:$F$55,MATCH($A10,Scorecard!$R$5:$R$55,0)) | F10: =INDEX(Scorecard!$H$5:$H$55,MATCH($A10,Scorecard!$R$5:$R$55,0)) | G10: =INDEX(Scorecard!$T$5:$T$55,MATCH($A10,Scorecard!$R$5:$R$55,0))
A11: 7 | B11: =INDEX(Scorecard!$A$5:$A$55,MATCH($A11,Scorecard!$R$5:$R$55,0)) | C11: =INDEX(Scorecard!$Q$5:$Q$55,MATCH($A11,Scorecard!$R$5:$R$55,0)) | D11: =INDEX(Scorecard!$C$5:$C$55,MATCH($A11,Scorecard!$R$5:$R$55,0)) | E11: =INDEX(Scorecard!$F$5:$F$55,MATCH($A11,Scorecard!$R$5:$R$55,0)) | F11: =INDEX(Scorecard!$H$5:$H$55,MATCH($A11,Scorecard!$R$5:$R$55,0)) | G11: =INDEX(Scorecard!$T$5:$T$55,MATCH($A11,Scorecard!$R$5:$R$55,0))
A12: 8 | B12: =INDEX(Scorecard!$A$5:$A$55,MATCH($A12,Scorecard!$R$5:$R$55,0)) | C12: =INDEX(Scorecard!$Q$5:$Q$55,MATCH($A12,Scorecard!$R$5:$R$55,0)) | D12: =INDEX(Scorecard!$C$5:$C$55,MATCH($A12,Scorecard!$R$5:$R$55,0)) | E12: =INDEX(Scorecard!$F$5:$F$55,MATCH($A12,Scorecard!$R$5:$R$55,0)) | F12: =INDEX(Scorecard!$H$5:$H$55,MATCH($A12,Scorecard!$R$5:$R$55,0)) | G12: =INDEX(Scorecard!$T$5:$T$55,MATCH($A12,Scorecard!$R$5:$R$55,0))
A13: 9 | B13: =INDEX(Scorecard!$A$5:$A$55,MATCH($A13,Scorecard!$R$5:$R$55,0)) | C13: =INDEX(Scorecard!$Q$5:$Q$55,MATCH($A13,Scorecard!$R$5:$R$55,0)) | D13: =INDEX(Scorecard!$C$5:$C$55,MATCH($A13,Scorecard!$R$5:$R$55,0)) | E13: =INDEX(Scorecard!$F$5:$F$55,MATCH($A13,Scorecard!$R$5:$R$55,0)) | F13: =INDEX(Scorecard!$H$5:$H$55,MATCH($A13,Scorecard!$R$5:$R$55,0)) | G13: =INDEX(Scorecard!$T$5:$T$55,MATCH($A13,Scorecard!$R$5:$R$55,0))
A14: 10 | B14: =INDEX(Scorecard!$A$5:$A$55,MATCH($A14,Scorecard!$R$5:$R$55,0)) | C14: =INDEX(Scorecard!$Q$5:$Q$55,MATCH($A14,Scorecard!$R$5:$R$55,0)) | D14: =INDEX(Scorecard!$C$5:$C$55,MATCH($A14,Scorecard!$R$5:$R$55,0)) | E14: =INDEX(Scorecard!$F$5:$F$55,MATCH($A14,Scorecard!$R$5:$R$55,0)) | F14: =INDEX(Scorecard!$H$5:$H$55,MATCH($A14,Scorecard!$R$5:$R$55,0)) | G14: =INDEX(Scorecard!$T$5:$T$55,MATCH($A14,Scorecard!$R$5:$R$55,0))
A16: Share of recent transactions covered by the top 10: | F16: =SUM(D5:D14)/COUNTA(Transactions!$A$2:$A$201)
A17: ="Anchor customer 87 coverage: "&TEXT(SUM(E5:E14)/COUNTIF(Transactions!$A$2:$A$201,Weights!$C$11),"0%")&" of their transactions"

Sheet Scorecard
A1: State scorecard (live)
A2: Score = SUMPRODUCT of weights x components normalized 0-1 (value / max across states). Edit Weights or column G to re-rank.
A4: State | B4: Abbr | C4: Transactions | D4: New | E4: Used | F4: Anchor (87) txns | G4: Commitment (0-1) | H4: Commitment basis | I4: Autofill pipeline ($) | J4: FHWA registrations | K4: New sales 2025 | L4: Volume (norm) | M4: Anchor (norm) | N4: Commitment (norm) | O4: Pipeline (norm) | P4: Market (norm) | Q4: Score | R4: Rank | S4: Top N? | T4: Rationale
A5: Texas | B5: TX | C5: =COUNTIF(Transactions!$B$2:$B$201,$A5) | D5: =COUNTIFS(Transactions!$B$2:$B$201,$A5,Transactions!$D$2:$D$201,"New vehicle transaction") | E5: =COUNTIFS(Transactions!$B$2:$B$201,$A5,Transactions!$D$2:$D$201,"Used vehicle transaction") | F5: =COUNTIFS(Transactions!$B$2:$B$201,$A5,Transactions!$A$2:$A$201,Weights!$C$11) | G5: 1 | H5: D02: existing customers 110/121, pricing agreed, 'wants Texas live first' | I5: =SUMIF('Pipeline Alloc'!$B$5:$B$201,$A5,'Pipeline Alloc'!$E$5:$E$201) | J5: =INDEX('Market Data'!$C$2:$C$52,MATCH($A5,'Market Data'!$A$2:$A$52,0)) | K5: =INDEX('Market Data'!$D$2:$D$52,MATCH($A5,'Market Data'!$A$2:$A$52,0)) | L5: =IF(MAX(C$5:C$55)=0,0,C5/MAX(C$5:C$55)) | M5: =IF(MAX(F$5:F$55)=0,0,F5/MAX(F$5:F$55)) | N5: =G5 | O5: =IF(MAX(I$5:I$55)=0,0,I5/MAX(I$5:I$55)) | P5: =IF(K5=0,J5/MAX(J$5:J$55),(J5/MAX(J$5:J$55)+K5/MAX(K$5:K$55))/2) | Q5: =Weights!$C$5*L5+Weights!$C$6*M5+Weights!$C$7*N5+Weights!$C$8*O5+Weights!$C$9*P5 | R5: =RANK(Q5,Q$5:Q$55)+COUNTIFS(Q$5:Q$55,Q5,C$5:C$55,">"&C5) | S5: =IF(R5<=Weights!$C$12,"Yes","") | T5: Largest usage (32% of transactions) from 3 existing customers; D02 explicitly wants Texas live first; D03 POC ($420k) is scored on Autofill accuracy.
A6: Alabama | B6: AL | C6: =COUNTIF(Transactions!$B$2:$B$201,$A6) | D6: =COUNTIFS(Transactions!$B$2:$B$201,$A6,Transactions!$D$2:$D$201,"New vehicle transaction") | E6: =COUNTIFS(Transactions!$B$2:$B$201,$A6,Transactions!$D$2:$D$201,"Used vehicle transaction") | F6: =COUNTIFS(Transactions!$B$2:$B$201,$A6,Transactions!$A$2:$A$201,Weights!$C$11) | G6: 1 | H6: D09: Closed Won, Autofill promised for Q4 | I6: =SUMIF('Pipeline Alloc'!$B$5:$B$201,$A6,'Pipeline Alloc'!$E$5:$E$201) | J6: =INDEX('Market Data'!$C$2:$C$52,MATCH($A6,'Market Data'!$A$2:$A$52,0)) | K6: =INDEX('Market Data'!$D$2:$D$52,MATCH($A6,'Market Data'!$A$2:$A$52,0)) | L6: =IF(MAX(C$5:C$55)=0,0,C6/MAX(C$5:C$55)) | M6: =IF(MAX(F$5:F$55)=0,0,F6/MAX(F$5:F$55)) | N6: =G6 | O6: =IF(MAX(I$5:I$55)=0,0,I6/MAX(I$5:I$55)) | P6: =IF(K6=0,J6/MAX(J$5:J$55),(J6/MAX(J$5:J$55)+K6/MAX(K$5:K$55))/2) | Q6: =Weights!$C$5*L6+Weights!$C$6*M6+Weights!$C$7*N6+Weights!$C$8*O6+Weights!$C$9*P6 | R6: =RANK(Q6,Q$5:Q$55)+COUNTIFS(Q$5:Q$55,Q6,C$5:C$55,">"&C6) | S6: =IF(R6<=Weights!$C$12,"Yes","") | T6: Anchor customer 87's #2 state (13 txns, mostly used); D09 is signed with Autofill promised for Q4.
A7: Arizona | B7: AZ | C7: =COUNTIF(Transactions!$B$2:$B$201,$A7) | D7: =COUNTIFS(Transactions!$B$2:$B$201,$A7,Transactions!$D$2:$D$201,"New vehicle transaction") | E7: =COUNTIFS(Transactions!$B$2:$B$201,$A7,Transactions!$D$2:$D$201,"Used vehicle transaction") | F7: =COUNTIFS(Transactions!$B$2:$B$201,$A7,Transactions!$A$2:$A$201,Weights!$C$11) | G7: 0.8 | H7: D02: Negotiation at 80% | I7: =SUMIF('Pipeline Alloc'!$B$5:$B$201,$A7,'Pipeline Alloc'!$E$5:$E$201) | J7: =INDEX('Market Data'!$C$2:$C$52,MATCH($A7,'Market Data'!$A$2:$A$52,0)) | K7: =INDEX('Market Data'!$D$2:$D$52,MATCH($A7,'Market Data'!$A$2:$A$52,0)) | L7: =IF(MAX(C$5:C$55)=0,0,C7/MAX(C$5:C$55)) | M7: =IF(MAX(F$5:F$55)=0,0,F7/MAX(F$5:F$55)) | N7: =G7 | O7: =IF(MAX(I$5:I$55)=0,0,I7/MAX(I$5:I$55)) | P7: =IF(K7=0,J7/MAX(J$5:J$55),(J7/MAX(J$5:J$55)+K7/MAX(K$5:K$55))/2) | Q7: =Weights!$C$5*L7+Weights!$C$6*M7+Weights!$C$7*N7+Weights!$C$8*O7+Weights!$C$9*P7 | R7: =RANK(Q7,Q$5:Q$55)+COUNTIFS(Q$5:Q$55,Q7,C$5:C$55,">"&C7) | S7: =IF(R7<=Weights!$C$12,"Yes","") | T7: 14 txns from customers 87 and 90; part of D02 (80%) and D17 (70%, new logo).
A8: Georgia | B8: GA | C8: =COUNTIF(Transactions!$B$2:$B$201,$A8) | D8: =COUNTIFS(Transactions!$B$2:$B$201,$A8,Transactions!$D$2:$D$201,"New vehicle transaction") | E8: =COUNTIFS(Transactions!$B$2:$B$201,$A8,Transactions!$D$2:$D$201,"Used vehicle transaction") | F8: =COUNTIFS(Transactions!$B$2:$B$201,$A8,Transactions!$A$2:$A$201,Weights!$C$11) | G8: 1 | H8: D09: Closed Won, Autofill promised for Q4 | I8: =SUMIF('Pipeline Alloc'!$B$5:$B$201,$A8,'Pipeline Alloc'!$E$5:$E$201) | J8: =INDEX('Market Data'!$C$2:$C$52,MATCH($A8,'Market Data'!$A$2:$A$52,0)) | K8: =INDEX('Market Data'!$D$2:$D$52,MATCH($A8,'Market Data'!$A$2:$A$52,0)) | L8: =IF(MAX(C$5:C$55)=0,0,C8/MAX(C$5:C$55)) | M8: =IF(MAX(F$5:F$55)=0,0,F8/MAX(F$5:F$55)) | N8: =G8 | O8: =IF(MAX(I$5:I$55)=0,0,I8/MAX(I$5:I$55)) | P8: =IF(K8=0,J8/MAX(J$5:J$55),(J8/MAX(J$5:J$55)+K8/MAX(K$5:K$55))/2) | Q8: =Weights!$C$5*L8+Weights!$C$6*M8+Weights!$C$7*N8+Weights!$C$8*O8+Weights!$C$9*P8 | R8: =RANK(Q8,Q$5:Q$55)+COUNTIFS(Q$5:Q$55,Q8,C$5:C$55,">"&C8) | S8: =IF(R8<=Weights!$C$12,"Yes","") | T8: 9 txns from customer 87; D09 signed deal (Peach State) with Autofill promised for Q4.
A9: Florida | B9: FL | C9: =COUNTIF(Transactions!$B$2:$B$201,$A9) | D9: =COUNTIFS(Transactions!$B$2:$B$201,$A9,Transactions!$D$2:$D$201,"New vehicle transaction") | E9: =COUNTIFS(Transactions!$B$2:$B$201,$A9,Transactions!$D$2:$D$201,"Used vehicle transaction") | F9: =COUNTIFS(Transactions!$B$2:$B$201,$A9,Transactions!$A$2:$A$201,Weights!$C$11) | G9: 0.8 | H9: D02: existing customer 121, Negotiation at 80% | I9: =SUMIF('Pipeline Alloc'!$B$5:$B$201,$A9,'Pipeline Alloc'!$E$5:$E$201) | J9: =INDEX('Market Data'!$C$2:$C$52,MATCH($A9,'Market Data'!$A$2:$A$52,0)) | K9: =INDEX('Market Data'!$D$2:$D$52,MATCH($A9,'Market Data'!$A$2:$A$52,0)) | L9: =IF(MAX(C$5:C$55)=0,0,C9/MAX(C$5:C$55)) | M9: =IF(MAX(F$5:F$55)=0,0,F9/MAX(F$5:F$55)) | N9: =G9 | O9: =IF(MAX(I$5:I$55)=0,0,I9/MAX(I$5:I$55)) | P9: =IF(K9=0,J9/MAX(J$5:J$55),(J9/MAX(J$5:J$55)+K9/MAX(K$5:K$55))/2) | Q9: =Weights!$C$5*L9+Weights!$C$6*M9+Weights!$C$7*N9+Weights!$C$8*O9+Weights!$C$9*P9 | R9: =RANK(Q9,Q$5:Q$55)+COUNTIFS(Q$5:Q$55,Q9,C$5:C$55,">"&C9) | S9: =IF(R9<=Weights!$C$12,"Yes","") | T9: 2nd-highest usage (19 txns, customer 121 + 87); part of D02 at 80%.
A10: Tennessee | B10: TN | C10: =COUNTIF(Transactions!$B$2:$B$201,$A10) | D10: =COUNTIFS(Transactions!$B$2:$B$201,$A10,Transactions!$D$2:$D$201,"New vehicle transaction") | E10: =COUNTIFS(Transactions!$B$2:$B$201,$A10,Transactions!$D$2:$D$201,"Used vehicle transaction") | F10: =COUNTIFS(Transactions!$B$2:$B$201,$A10,Transactions!$A$2:$A$201,Weights!$C$11) | G10: 1 | H10: D09: Closed Won, Autofill promised for Q4 | I10: =SUMIF('Pipeline Alloc'!$B$5:$B$201,$A10,'Pipeline Alloc'!$E$5:$E$201) | J10: =INDEX('Market Data'!$C$2:$C$52,MATCH($A10,'Market Data'!$A$2:$A$52,0)) | K10: =INDEX('Market Data'!$D$2:$D$52,MATCH($A10,'Market Data'!$A$2:$A$52,0)) | L10: =IF(MAX(C$5:C$55)=0,0,C10/MAX(C$5:C$55)) | M10: =IF(MAX(F$5:F$55)=0,0,F10/MAX(F$5:F$55)) | N10: =G10 | O10: =IF(MAX(I$5:I$55)=0,0,I10/MAX(I$5:I$55)) | P10: =IF(K10=0,J10/MAX(J$5:J$55),(J10/MAX(J$5:J$55)+K10/MAX(K$5:K$55))/2) | Q10: =Weights!$C$5*L10+Weights!$C$6*M10+Weights!$C$7*N10+Weights!$C$8*O10+Weights!$C$9*P10 | R10: =RANK(Q10,Q$5:Q$55)+COUNTIFS(Q$5:Q$55,Q10,C$5:C$55,">"&C10) | S10: =IF(R10<=Weights!$C$12,"Yes","") | T10: Low current usage (3) but a contractual Q4 promise to D09, a signed customer.
A11: Colorado | B11: CO | C11: =COUNTIF(Transactions!$B$2:$B$201,$A11) | D11: =COUNTIFS(Transactions!$B$2:$B$201,$A11,Transactions!$D$2:$D$201,"New vehicle transaction") | E11: =COUNTIFS(Transactions!$B$2:$B$201,$A11,Transactions!$D$2:$D$201,"Used vehicle transaction") | F11: =COUNTIFS(Transactions!$B$2:$B$201,$A11,Transactions!$A$2:$A$201,Weights!$C$11) | G11: 0 | I11: =SUMIF('Pipeline Alloc'!$B$5:$B$201,$A11,'Pipeline Alloc'!$E$5:$E$201) | J11: =INDEX('Market Data'!$C$2:$C$52,MATCH($A11,'Market Data'!$A$2:$A$52,0)) | K11: =INDEX('Market Data'!$D$2:$D$52,MATCH($A11,'Market Data'!$A$2:$A$52,0)) | L11: =IF(MAX(C$5:C$55)=0,0,C11/MAX(C$5:C$55)) | M11: =IF(MAX(F$5:F$55)=0,0,F11/MAX(F$5:F$55)) | N11: =G11 | O11: =IF(MAX(I$5:I$55)=0,0,I11/MAX(I$5:I$55)) | P11: =IF(K11=0,J11/MAX(J$5:J$55),(J11/MAX(J$5:J$55)+K11/MAX(K$5:K$55))/2) | Q11: =Weights!$C$5*L11+Weights!$C$6*M11+Weights!$C$7*N11+Weights!$C$8*O11+Weights!$C$9*P11 | R11: =RANK(Q11,Q$5:Q$55)+COUNTIFS(Q$5:Q$55,Q11,C$5:C$55,">"&C11) | S11: =IF(R11<=Weights!$C$12,"Yes","") | T11: Customer 87's joint #2 state (13 txns) with no commitment; pure usage pick.
A12: Virginia | B12: VA | C12: =COUNTIF(Transactions!$B$2:$B$201,$A12) | D12: =COUNTIFS(Transactions!$B$2:$B$201,$A12,Transactions!$D$2:$D$201,"New vehicle transaction") | E12: =COUNTIFS(Transactions!$B$2:$B$201,$A12,Transactions!$D$2:$D$201,"Used vehicle transaction") | F12: =COUNTIFS(Transactions!$B$2:$B$201,$A12,Transactions!$A$2:$A$201,Weights!$C$11) | G12: 0 | I12: =SUMIF('Pipeline Alloc'!$B$5:$B$201,$A12,'Pipeline Alloc'!$E$5:$E$201) | J12: =INDEX('Market Data'!$C$2:$C$52,MATCH($A12,'Market Data'!$A$2:$A$52,0)) | K12: =INDEX('Market Data'!$D$2:$D$52,MATCH($A12,'Market Data'!$A$2:$A$52,0)) | L12: =IF(MAX(C$5:C$55)=0,0,C12/MAX(C$5:C$55)) | M12: =IF(MAX(F$5:F$55)=0,0,F12/MAX(F$5:F$55)) | N12: =G12 | O12: =IF(MAX(I$5:I$55)=0,0,I12/MAX(I$5:I$55)) | P12: =IF(K12=0,J12/MAX(J$5:J$55),(J12/MAX(J$5:J$55)+K12/MAX(K$5:K$55))/2) | Q12: =Weights!$C$5*L12+Weights!$C$6*M12+Weights!$C$7*N12+Weights!$C$8*O12+Weights!$C$9*P12 | R12: =RANK(Q12,Q$5:Q$55)+COUNTIFS(Q$5:Q$55,Q12,C$5:C$55,">"&C12) | S12: =IF(R12<=Weights!$C$12,"Yes","") | T12: The one pipeline-driven pick: D07 ($1.5M, 75%) says Autofill is a must-have to sign. Only 1 txn today. Debate item.
A13: California | B13: CA | C13: =COUNTIF(Transactions!$B$2:$B$201,$A13) | D13: =COUNTIFS(Transactions!$B$2:$B$201,$A13,Transactions!$D$2:$D$201,"New vehicle transaction") | E13: =COUNTIFS(Transactions!$B$2:$B$201,$A13,Transactions!$D$2:$D$201,"Used vehicle transaction") | F13: =COUNTIFS(Transactions!$B$2:$B$201,$A13,Transactions!$A$2:$A$201,Weights!$C$11) | G13: 0 | I13: =SUMIF('Pipeline Alloc'!$B$5:$B$201,$A13,'Pipeline Alloc'!$E$5:$E$201) | J13: =INDEX('Market Data'!$C$2:$C$52,MATCH($A13,'Market Data'!$A$2:$A$52,0)) | K13: =INDEX('Market Data'!$D$2:$D$52,MATCH($A13,'Market Data'!$A$2:$A$52,0)) | L13: =IF(MAX(C$5:C$55)=0,0,C13/MAX(C$5:C$55)) | M13: =IF(MAX(F$5:F$55)=0,0,F13/MAX(F$5:F$55)) | N13: =G13 | O13: =IF(MAX(I$5:I$55)=0,0,I13/MAX(I$5:I$55)) | P13: =IF(K13=0,J13/MAX(J$5:J$55),(J13/MAX(J$5:J$55)+K13/MAX(K$5:K$55))/2) | Q13: =Weights!$C$5*L13+Weights!$C$6*M13+Weights!$C$7*N13+Weights!$C$8*O13+Weights!$C$9*P13 | R13: =RANK(Q13,Q$5:Q$55)+COUNTIFS(Q$5:Q$55,Q13,C$5:C$55,">"&C13) | S13: =IF(R13<=Weights!$C$12,"Yes","") | T13: 4 txns from customer 87; largest US market breaks the tie with PA/IL/AR.
A14: Pennsylvania | B14: PA | C14: =COUNTIF(Transactions!$B$2:$B$201,$A14) | D14: =COUNTIFS(Transactions!$B$2:$B$201,$A14,Transactions!$D$2:$D$201,"New vehicle transaction") | E14: =COUNTIFS(Transactions!$B$2:$B$201,$A14,Transactions!$D$2:$D$201,"Used vehicle transaction") | F14: =COUNTIFS(Transactions!$B$2:$B$201,$A14,Transactions!$A$2:$A$201,Weights!$C$11) | G14: 0 | I14: =SUMIF('Pipeline Alloc'!$B$5:$B$201,$A14,'Pipeline Alloc'!$E$5:$E$201) | J14: =INDEX('Market Data'!$C$2:$C$52,MATCH($A14,'Market Data'!$A$2:$A$52,0)) | K14: =INDEX('Market Data'!$D$2:$D$52,MATCH($A14,'Market Data'!$A$2:$A$52,0)) | L14: =IF(MAX(C$5:C$55)=0,0,C14/MAX(C$5:C$55)) | M14: =IF(MAX(F$5:F$55)=0,0,F14/MAX(F$5:F$55)) | N14: =G14 | O14: =IF(MAX(I$5:I$55)=0,0,I14/MAX(I$5:I$55)) | P14: =IF(K14=0,J14/MAX(J$5:J$55),(J14/MAX(J$5:J$55)+K14/MAX(K$5:K$55))/2) | Q14: =Weights!$C$5*L14+Weights!$C$6*M14+Weights!$C$7*N14+Weights!$C$8*O14+Weights!$C$9*P14 | R14: =RANK(Q14,Q$5:Q$55)+COUNTIFS(Q$5:Q$55,Q14,C$5:C$55,">"&C14) | S14: =IF(R14<=Weights!$C$12,"Yes","") | T14: 5 txns from customer 87; D20 (Legal Review, 60%) and D14; D19 was lost for lacking Autofill.
A15: Arkansas | B15: AR | C15: =COUNTIF(Transactions!$B$2:$B$201,$A15) | D15: =COUNTIFS(Transactions!$B$2:$B$201,$A15,Transactions!$D$2:$D$201,"New vehicle transaction") | E15: =COUNTIFS(Transactions!$B$2:$B$201,$A15,Transactions!$D$2:$D$201,"Used vehicle transaction") | F15: =COUNTIFS(Transactions!$B$2:$B$201,$A15,Transactions!$A$2:$A$201,Weights!$C$11) | G15: 0 | I15: =SUMIF('Pipeline Alloc'!$B$5:$B$201,$A15,'Pipeline Alloc'!$E$5:$E$201) | J15: =INDEX('Market Data'!$C$2:$C$52,MATCH($A15,'Market Data'!$A$2:$A$52,0)) | K15: =INDEX('Market Data'!$D$2:$D$52,MATCH($A15,'Market Data'!$A$2:$A$52,0)) | L15: =IF(MAX(C$5:C$55)=0,0,C15/MAX(C$5:C$55)) | M15: =IF(MAX(F$5:F$55)=0,0,F15/MAX(F$5:F$55)) | N15: =G15 | O15: =IF(MAX(I$5:I$55)=0,0,I15/MAX(I$5:I$55)) | P15: =IF(K15=0,J15/MAX(J$5:J$55),(J15/MAX(J$5:J$55)+K15/MAX(K$5:K$55))/2) | Q15: =Weights!$C$5*L15+Weights!$C$6*M15+Weights!$C$7*N15+Weights!$C$8*O15+Weights!$C$9*P15 | R15: =RANK(Q15,Q$5:Q$55)+COUNTIFS(Q$5:Q$55,Q15,C$5:C$55,">"&C15) | S15: =IF(R15<=Weights!$C$12,"Yes","") | T15: Bubble: 6 txns from customer 87 but a small market and no pipeline. First swap-in.
A16: Illinois | B16: IL | C16: =COUNTIF(Transactions!$B$2:$B$201,$A16) | D16: =COUNTIFS(Transactions!$B$2:$B$201,$A16,Transactions!$D$2:$D$201,"New vehicle transaction") | E16: =COUNTIFS(Transactions!$B$2:$B$201,$A16,Transactions!$D$2:$D$201,"Used vehicle transaction") | F16: =COUNTIFS(Transactions!$B$2:$B$201,$A16,Transactions!$A$2:$A$201,Weights!$C$11) | G16: 0 | I16: =SUMIF('Pipeline Alloc'!$B$5:$B$201,$A16,'Pipeline Alloc'!$E$5:$E$201) | J16: =INDEX('Market Data'!$C$2:$C$52,MATCH($A16,'Market Data'!$A$2:$A$52,0)) | K16: =INDEX('Market Data'!$D$2:$D$52,MATCH($A16,'Market Data'!$A$2:$A$52,0)) | L16: =IF(MAX(C$5:C$55)=0,0,C16/MAX(C$5:C$55)) | M16: =IF(MAX(F$5:F$55)=0,0,F16/MAX(F$5:F$55)) | N16: =G16 | O16: =IF(MAX(I$5:I$55)=0,0,I16/MAX(I$5:I$55)) | P16: =IF(K16=0,J16/MAX(J$5:J$55),(J16/MAX(J$5:J$55)+K16/MAX(K$5:K$55))/2) | Q16: =Weights!$C$5*L16+Weights!$C$6*M16+Weights!$C$7*N16+Weights!$C$8*O16+Weights!$C$9*P16 | R16: =RANK(Q16,Q$5:Q$55)+COUNTIFS(Q$5:Q$55,Q16,C$5:C$55,">"&C16) | S16: =IF(R16<=Weights!$C$12,"Yes","") | T16: Bubble: 5 txns from customer 87; only pipeline is D10, which is Audit only.
A17: Indiana | B17: IN | C17: =COUNTIF(Transactions!$B$2:$B$201,$A17) | D17: =COUNTIFS(Transactions!$B$2:$B$201,$A17,Transactions!$D$2:$D$201,"New vehicle transaction") | E17: =COUNTIFS(Transactions!$B$2:$B$201,$A17,Transactions!$D$2:$D$201,"Used vehicle transaction") | F17: =COUNTIFS(Transactions!$B$2:$B$201,$A17,Transactions!$A$2:$A$201,Weights!$C$11) | G17: 0 | I17: =SUMIF('Pipeline Alloc'!$B$5:$B$201,$A17,'Pipeline Alloc'!$E$5:$E$201) | J17: =INDEX('Market Data'!$C$2:$C$52,MATCH($A17,'Market Data'!$A$2:$A$52,0)) | K17: =INDEX('Market Data'!$D$2:$D$52,MATCH($A17,'Market Data'!$A$2:$A$52,0)) | L17: =IF(MAX(C$5:C$55)=0,0,C17/MAX(C$5:C$55)) | M17: =IF(MAX(F$5:F$55)=0,0,F17/MAX(F$5:F$55)) | N17: =G17 | O17: =IF(MAX(I$5:I$55)=0,0,I17/MAX(I$5:I$55)) | P17: =IF(K17=0,J17/MAX(J$5:J$55),(J17/MAX(J$5:J$55)+K17/MAX(K$5:K$55))/2) | Q17: =Weights!$C$5*L17+Weights!$C$6*M17+Weights!$C$7*N17+Weights!$C$8*O17+Weights!$C$9*P17 | R17: =RANK(Q17,Q$5:Q$55)+COUNTIFS(Q$5:Q$55,Q17,C$5:C$55,">"&C17) | S17: =IF(R17<=Weights!$C$12,"Yes","")
A18: New Jersey | B18: NJ | C18: =COUNTIF(Transactions!$B$2:$B$201,$A18) | D18: =COUNTIFS(Transactions!$B$2:$B$201,$A18,Transactions!$D$2:$D$201,"New vehicle transaction") | E18: =COUNTIFS(Transactions!$B$2:$B$201,$A18,Transactions!$D$2:$D$201,"Used vehicle transaction") | F18: =COUNTIFS(Transactions!$B$2:$B$201,$A18,Transactions!$A$2:$A$201,Weights!$C$11) | G18: 0 | I18: =SUMIF('Pipeline Alloc'!$B$5:$B$201,$A18,'Pipeline Alloc'!$E$5:$E$201) | J18: =INDEX('Market Data'!$C$2:$C$52,MATCH($A18,'Market Data'!$A$2:$A$52,0)) | K18: =INDEX('Market Data'!$D$2:$D$52,MATCH($A18,'Market Data'!$A$2:$A$52,0)) | L18: =IF(MAX(C$5:C$55)=0,0,C18/MAX(C$5:C$55)) | M18: =IF(MAX(F$5:F$55)=0,0,F18/MAX(F$5:F$55)) | N18: =G18 | O18: =IF(MAX(I$5:I$55)=0,0,I18/MAX(I$5:I$55)) | P18: =IF(K18=0,J18/MAX(J$5:J$55),(J18/MAX(J$5:J$55)+K18/MAX(K$5:K$55))/2) | Q18: =Weights!$C$5*L18+Weights!$C$6*M18+Weights!$C$7*N18+Weights!$C$8*O18+Weights!$C$9*P18 | R18: =RANK(Q18,Q$5:Q$55)+COUNTIFS(Q$5:Q$55,Q18,C$5:C$55,">"&C18) | S18: =IF(R18<=Weights!$C$12,"Yes","")
A19: Nevada | B19: NV | C19: =COUNTIF(Transactions!$B$2:$B$201,$A19) | D19: =COUNTIFS(Transactions!$B$2:$B$201,$A19,Transactions!$D$2:$D$201,"New vehicle transaction") | E19: =COUNTIFS(Transactions!$B$2:$B$201,$A19,Transactions!$D$2:$D$201,"Used vehicle transaction") | F19: =COUNTIFS(Transactions!$B$2:$B$201,$A19,Transactions!$A$2:$A$201,Weights!$C$11) | G19: 0 | I19: =SUMIF('Pipeline Alloc'!$B$5:$B$201,$A19,'Pipeline Alloc'!$E$5:$E$201) | J19: =INDEX('Market Data'!$C$2:$C$52,MATCH($A19,'Market Data'!$A$2:$A$52,0)) | K19: =INDEX('Market Data'!$D$2:$D$52,MATCH($A19,'Market Data'!$A$2:$A$52,0)) | L19: =IF(MAX(C$5:C$55)=0,0,C19/MAX(C$5:C$55)) | M19: =IF(MAX(F$5:F$55)=0,0,F19/MAX(F$5:F$55)) | N19: =G19 | O19: =IF(MAX(I$5:I$55)=0,0,I19/MAX(I$5:I$55)) | P19: =IF(K19=0,J19/MAX(J$5:J$55),(J19/MAX(J$5:J$55)+K19/MAX(K$5:K$55))/2) | Q19: =Weights!$C$5*L19+Weights!$C$6*M19+Weights!$C$7*N19+Weights!$C$8*O19+Weights!$C$9*P19 | R19: =RANK(Q19,Q$5:Q$55)+COUNTIFS(Q$5:Q$55,Q19,C$5:C$55,">"&C19) | S19: =IF(R19<=Weights!$C$12,"Yes","")
A20: Missouri | B20: MO | C20: =COUNTIF(Transactions!$B$2:$B$201,$A20) | D20: =COUNTIFS(Transactions!$B$2:$B$201,$A20,Transactions!$D$2:$D$201,"New vehicle transaction") | E20: =COUNTIFS(Transactions!$B$2:$B$201,$A20,Transactions!$D$2:$D$201,"Used vehicle transaction") | F20: =COUNTIFS(Transactions!$B$2:$B$201,$A20,Transactions!$A$2:$A$201,Weights!$C$11) | G20: 0 | I20: =SUMIF('Pipeline Alloc'!$B$5:$B$201,$A20,'Pipeline Alloc'!$E$5:$E$201) | J20: =INDEX('Market Data'!$C$2:$C$52,MATCH($A20,'Market Data'!$A$2:$A$52,0)) | K20: =INDEX('Market Data'!$D$2:$D$52,MATCH($A20,'Market Data'!$A$2:$A$52,0)) | L20: =IF(MAX(C$5:C$55)=0,0,C20/MAX(C$5:C$55)) | M20: =IF(MAX(F$5:F$55)=0,0,F20/MAX(F$5:F$55)) | N20: =G20 | O20: =IF(MAX(I$5:I$55)=0,0,I20/MAX(I$5:I$55)) | P20: =IF(K20=0,J20/MAX(J$5:J$55),(J20/MAX(J$5:J$55)+K20/MAX(K$5:K$55))/2) | Q20: =Weights!$C$5*L20+Weights!$C$6*M20+Weights!$C$7*N20+Weights!$C$8*O20+Weights!$C$9*P20 | R20: =RANK(Q20,Q$5:Q$55)+COUNTIFS(Q$5:Q$55,Q20,C$5:C$55,">"&C20) | S20: =IF(R20<=Weights!$C$12,"Yes","")
A21: New York | B21: NY | C21: =COUNTIF(Transactions!$B$2:$B$201,$A21) | D21: =COUNTIFS(Transactions!$B$2:$B$201,$A21,Transactions!$D$2:$D$201,"New vehicle transaction") | E21: =COUNTIFS(Transactions!$B$2:$B$201,$A21,Transactions!$D$2:$D$201,"Used vehicle transaction") | F21: =COUNTIFS(Transactions!$B$2:$B$201,$A21,Transactions!$A$2:$A$201,Weights!$C$11) | G21: 0 | I21: =SUMIF('Pipeline Alloc'!$B$5:$B$201,$A21,'Pipeline Alloc'!$E$5:$E$201) | J21: =INDEX('Market Data'!$C$2:$C$52,MATCH($A21,'Market Data'!$A$2:$A$52,0)) | K21: =INDEX('Market Data'!$D$2:$D$52,MATCH($A21,'Market Data'!$A$2:$A$52,0)) | L21: =IF(MAX(C$5:C$55)=0,0,C21/MAX(C$5:C$55)) | M21: =IF(MAX(F$5:F$55)=0,0,F21/MAX(F$5:F$55)) | N21: =G21 | O21: =IF(MAX(I$5:I$55)=0,0,I21/MAX(I$5:I$55)) | P21: =IF(K21=0,J21/MAX(J$5:J$55),(J21/MAX(J$5:J$55)+K21/MAX(K$5:K$55))/2) | Q21: =Weights!$C$5*L21+Weights!$C$6*M21+Weights!$C$7*N21+Weights!$C$8*O21+Weights!$C$9*P21 | R21: =RANK(Q21,Q$5:Q$55)+COUNTIFS(Q$5:Q$55,Q21,C$5:C$55,">"&C21) | S21: =IF(R21<=Weights!$C$12,"Yes","")
A22: New Hampshire | B22: NH | C22: =COUNTIF(Transactions!$B$2:$B$201,$A22) | D22: =COUNTIFS(Transactions!$B$2:$B$201,$A22,Transactions!$D$2:$D$201,"New vehicle transaction") | E22: =COUNTIFS(Transactions!$B$2:$B$201,$A22,Transactions!$D$2:$D$201,"Used vehicle transaction") | F22: =COUNTIFS(Transactions!$B$2:$B$201,$A22,Transactions!$A$2:$A$201,Weights!$C$11) | G22: 0 | I22: =SUMIF('Pipeline Alloc'!$B$5:$B$201,$A22,'Pipeline Alloc'!$E$5:$E$201) | J22: =INDEX('Market Data'!$C$2:$C$52,MATCH($A22,'Market Data'!$A$2:$A$52,0)) | K22: =INDEX('Market Data'!$D$2:$D$52,MATCH($A22,'Market Data'!$A$2:$A$52,0)) | L22: =IF(MAX(C$5:C$55)=0,0,C22/MAX(C$5:C$55)) | M22: =IF(MAX(F$5:F$55)=0,0,F22/MAX(F$5:F$55)) | N22: =G22 | O22: =IF(MAX(I$5:I$55)=0,0,I22/MAX(I$5:I$55)) | P22: =IF(K22=0,J22/MAX(J$5:J$55),(J22/MAX(J$5:J$55)+K22/MAX(K$5:K$55))/2) | Q22: =Weights!$C$5*L22+Weights!$C$6*M22+Weights!$C$7*N22+Weights!$C$8*O22+Weights!$C$9*P22 | R22: =RANK(Q22,Q$5:Q$55)+COUNTIFS(Q$5:Q$55,Q22,C$5:C$55,">"&C22) | S22: =IF(R22<=Weights!$C$12,"Yes","")
A23: Maryland | B23: MD | C23: =COUNTIF(Transactions!$B$2:$B$201,$A23) | D23: =COUNTIFS(Transactions!$B$2:$B$201,$A23,Transactions!$D$2:$D$201,"New vehicle transaction") | E23: =COUNTIFS(Transactions!$B$2:$B$201,$A23,Transactions!$D$2:$D$201,"Used vehicle transaction") | F23: =COUNTIFS(Transactions!$B$2:$B$201,$A23,Transactions!$A$2:$A$201,Weights!$C$11) | G23: 0 | I23: =SUMIF('Pipeline Alloc'!$B$5:$B$201,$A23,'Pipeline Alloc'!$E$5:$E$201) | J23: =INDEX('Market Data'!$C$2:$C$52,MATCH($A23,'Market Data'!$A$2:$A$52,0)) | K23: =INDEX('Market Data'!$D$2:$D$52,MATCH($A23,'Market Data'!$A$2:$A$52,0)) | L23: =IF(MAX(C$5:C$55)=0,0,C23/MAX(C$5:C$55)) | M23: =IF(MAX(F$5:F$55)=0,0,F23/MAX(F$5:F$55)) | N23: =G23 | O23: =IF(MAX(I$5:I$55)=0,0,I23/MAX(I$5:I$55)) | P23: =IF(K23=0,J23/MAX(J$5:J$55),(J23/MAX(J$5:J$55)+K23/MAX(K$5:K$55))/2) | Q23: =Weights!$C$5*L23+Weights!$C$6*M23+Weights!$C$7*N23+Weights!$C$8*O23+Weights!$C$9*P23 | R23: =RANK(Q23,Q$5:Q$55)+COUNTIFS(Q$5:Q$55,Q23,C$5:C$55,">"&C23) | S23: =IF(R23<=Weights!$C$12,"Yes","")
A24: South Carolina | B24: SC | C24: =COUNTIF(Transactions!$B$2:$B$201,$A24) | D24: =COUNTIFS(Transactions!$B$2:$B$201,$A24,Transactions!$D$2:$D$201,"New vehicle transaction") | E24: =COUNTIFS(Transactions!$B$2:$B$201,$A24,Transactions!$D$2:$D$201,"Used vehicle transaction") | F24: =COUNTIFS(Transactions!$B$2:$B$201,$A24,Transactions!$A$2:$A$201,Weights!$C$11) | G24: 0 | I24: =SUMIF('Pipeline Alloc'!$B$5:$B$201,$A24,'Pipeline Alloc'!$E$5:$E$201) | J24: =INDEX('Market Data'!$C$2:$C$52,MATCH($A24,'Market Data'!$A$2:$A$52,0)) | K24: =INDEX('Market Data'!$D$2:$D$52,MATCH($A24,'Market Data'!$A$2:$A$52,0)) | L24: =IF(MAX(C$5:C$55)=0,0,C24/MAX(C$5:C$55)) | M24: =IF(MAX(F$5:F$55)=0,0,F24/MAX(F$5:F$55)) | N24: =G24 | O24: =IF(MAX(I$5:I$55)=0,0,I24/MAX(I$5:I$55)) | P24: =IF(K24=0,J24/MAX(J$5:J$55),(J24/MAX(J$5:J$55)+K24/MAX(K$5:K$55))/2) | Q24: =Weights!$C$5*L24+Weights!$C$6*M24+Weights!$C$7*N24+Weights!$C$8*O24+Weights!$C$9*P24 | R24: =RANK(Q24,Q$5:Q$55)+COUNTIFS(Q$5:Q$55,Q24,C$5:C$55,">"&C24) | S24: =IF(R24<=Weights!$C$12,"Yes","")
A25: Louisiana | B25: LA | C25: =COUNTIF(Transactions!$B$2:$B$201,$A25) | D25: =COUNTIFS(Transactions!$B$2:$B$201,$A25,Transactions!$D$2:$D$201,"New vehicle transaction") | E25: =COUNTIFS(Transactions!$B$2:$B$201,$A25,Transactions!$D$2:$D$201,"Used vehicle transaction") | F25: =COUNTIFS(Transactions!$B$2:$B$201,$A25,Transactions!$A$2:$A$201,Weights!$C$11) | G25: 0 | I25: =SUMIF('Pipeline Alloc'!$B$5:$B$201,$A25,'Pipeline Alloc'!$E$5:$E$201) | J25: =INDEX('Market Data'!$C$2:$C$52,MATCH($A25,'Market Data'!$A$2:$A$52,0)) | K25: =INDEX('Market Data'!$D$2:$D$52,MATCH($A25,'Market Data'!$A$2:$A$52,0)) | L25: =IF(MAX(C$5:C$55)=0,0,C25/MAX(C$5:C$55)) | M25: =IF(MAX(F$5:F$55)=0,0,F25/MAX(F$5:F$55)) | N25: =G25 | O25: =IF(MAX(I$5:I$55)=0,0,I25/MAX(I$5:I$55)) | P25: =IF(K25=0,J25/MAX(J$5:J$55),(J25/MAX(J$5:J$55)+K25/MAX(K$5:K$55))/2) | Q25: =Weights!$C$5*L25+Weights!$C$6*M25+Weights!$C$7*N25+Weights!$C$8*O25+Weights!$C$9*P25 | R25: =RANK(Q25,Q$5:Q$55)+COUNTIFS(Q$5:Q$55,Q25,C$5:C$55,">"&C25) | S25: =IF(R25<=Weights!$C$12,"Yes","")
A26: Kentucky | B26: KY | C26: =COUNTIF(Transactions!$B$2:$B$201,$A26) | D26: =COUNTIFS(Transactions!$B$2:$B$201,$A26,Transactions!$D$2:$D$201,"New vehicle transaction") | E26: =COUNTIFS(Transactions!$B$2:$B$201,$A26,Transactions!$D$2:$D$201,"Used vehicle transaction") | F26: =COUNTIFS(Transactions!$B$2:$B$201,$A26,Transactions!$A$2:$A$201,Weights!$C$11) | G26: 0 | I26: =SUMIF('Pipeline Alloc'!$B$5:$B$201,$A26,'Pipeline Alloc'!$E$5:$E$201) | J26: =INDEX('Market Data'!$C$2:$C$52,MATCH($A26,'Market Data'!$A$2:$A$52,0)) | K26: =INDEX('Market Data'!$D$2:$D$52,MATCH($A26,'Market Data'!$A$2:$A$52,0)) | L26: =IF(MAX(C$5:C$55)=0,0,C26/MAX(C$5:C$55)) | M26: =IF(MAX(F$5:F$55)=0,0,F26/MAX(F$5:F$55)) | N26: =G26 | O26: =IF(MAX(I$5:I$55)=0,0,I26/MAX(I$5:I$55)) | P26: =IF(K26=0,J26/MAX(J$5:J$55),(J26/MAX(J$5:J$55)+K26/MAX(K$5:K$55))/2) | Q26: =Weights!$C$5*L26+Weights!$C$6*M26+Weights!$C$7*N26+Weights!$C$8*O26+Weights!$C$9*P26 | R26: =RANK(Q26,Q$5:Q$55)+COUNTIFS(Q$5:Q$55,Q26,C$5:C$55,">"&C26) | S26: =IF(R26<=Weights!$C$12,"Yes","")
A27: West Virginia | B27: WV | C27: =COUNTIF(Transactions!$B$2:$B$201,$A27) | D27: =COUNTIFS(Transactions!$B$2:$B$201,$A27,Transactions!$D$2:$D$201,"New vehicle transaction") | E27: =COUNTIFS(Transactions!$B$2:$B$201,$A27,Transactions!$D$2:$D$201,"Used vehicle transaction") | F27: =COUNTIFS(Transactions!$B$2:$B$201,$A27,Transactions!$A$2:$A$201,Weights!$C$11) | G27: 0 | I27: =SUMIF('Pipeline Alloc'!$B$5:$B$201,$A27,'Pipeline Alloc'!$E$5:$E$201) | J27: =INDEX('Market Data'!$C$2:$C$52,MATCH($A27,'Market Data'!$A$2:$A$52,0)) | K27: =INDEX('Market Data'!$D$2:$D$52,MATCH($A27,'Market Data'!$A$2:$A$52,0)) | L27: =IF(MAX(C$5:C$55)=0,0,C27/MAX(C$5:C$55)) | M27: =IF(MAX(F$5:F$55)=0,0,F27/MAX(F$5:F$55)) | N27: =G27 | O27: =IF(MAX(I$5:I$55)=0,0,I27/MAX(I$5:I$55)) | P27: =IF(K27=0,J27/MAX(J$5:J$55),(J27/MAX(J$5:J$55)+K27/MAX(K$5:K$55))/2) | Q27: =Weights!$C$5*L27+Weights!$C$6*M27+Weights!$C$7*N27+Weights!$C$8*O27+Weights!$C$9*P27 | R27: =RANK(Q27,Q$5:Q$55)+COUNTIFS(Q$5:Q$55,Q27,C$5:C$55,">"&C27) | S27: =IF(R27<=Weights!$C$12,"Yes","")
A28: Maine | B28: ME | C28: =COUNTIF(Transactions!$B$2:$B$201,$A28) | D28: =COUNTIFS(Transactions!$B$2:$B$201,$A28,Transactions!$D$2:$D$201,"New vehicle transaction") | E28: =COUNTIFS(Transactions!$B$2:$B$201,$A28,Transactions!$D$2:$D$201,"Used vehicle transaction") | F28: =COUNTIFS(Transactions!$B$2:$B$201,$A28,Transactions!$A$2:$A$201,Weights!$C$11) | G28: 0 | I28: =SUMIF('Pipeline Alloc'!$B$5:$B$201,$A28,'Pipeline Alloc'!$E$5:$E$201) | J28: =INDEX('Market Data'!$C$2:$C$52,MATCH($A28,'Market Data'!$A$2:$A$52,0)) | K28: =INDEX('Market Data'!$D$2:$D$52,MATCH($A28,'Market Data'!$A$2:$A$52,0)) | L28: =IF(MAX(C$5:C$55)=0,0,C28/MAX(C$5:C$55)) | M28: =IF(MAX(F$5:F$55)=0,0,F28/MAX(F$5:F$55)) | N28: =G28 | O28: =IF(MAX(I$5:I$55)=0,0,I28/MAX(I$5:I$55)) | P28: =IF(K28=0,J28/MAX(J$5:J$55),(J28/MAX(J$5:J$55)+K28/MAX(K$5:K$55))/2) | Q28: =Weights!$C$5*L28+Weights!$C$6*M28+Weights!$C$7*N28+Weights!$C$8*O28+Weights!$C$9*P28 | R28: =RANK(Q28,Q$5:Q$55)+COUNTIFS(Q$5:Q$55,Q28,C$5:C$55,">"&C28) | S28: =IF(R28<=Weights!$C$12,"Yes","")
... A55: Alaska | B55: AK | C55: =COUNTIF(Transactions!$B$2:$B$201,$A55) | D55: =COUNTIFS(Transactions!$B$2:$B$201,$A55,Transactions!$D$2:$D$201,"New vehicle transaction") | E55: =COUNTIFS(Transactions!$B$2:$B$201,$A55,Transactions!$D$2:$D$201,"Used vehicle transaction") | F55: =COUNTIFS(Transactions!$B$2:$B$201,$A55,Transactions!$A$2:$A$201,Weights!$C$11) | G55: 0 | I55: =SUMIF('Pipeline Alloc'!$B$5:$B$201,$A55,'Pipeline Alloc'!$E$5:$E$201) | J55: =INDEX('Market Data'!$C$2:$C$52,MATCH($A55,'Market Data'!$A$2:$A$52,0)) | K55: =INDEX('Market Data'!$D$2:$D$52,MATCH($A55,'Market Data'!$A$2:$A$52,0)) | L55: =IF(MAX(C$5:C$55)=0,0,C55/MAX(C$5:C$55)) | M55: =IF(MAX(F$5:F$55)=0,0,F55/MAX(F$5:F$55)) | N55: =G55 | O55: =IF(MAX(I$5:I$55)=0,0,I55/MAX(I$5:I$55)) | P55: =IF(K55=0,J55/MAX(J$5:J$55),(J55/MAX(J$5:J$55)+K55/MAX(K$5:K$55))/2) | Q55: =Weights!$C$5*L55+Weights!$C$6*M55+Weights!$C$7*N55+Weights!$C$8*O55+Weights!$C$9*P55 | R55: =RANK(Q55,Q$5:Q$55)+COUNTIFS(Q$5:Q$55,Q55,C$5:C$55,">"&C55) | S55: =IF(R55<=Weights!$C$12,"Yes","")

Sheet Weights
A1: Scoring weights and settings
A2: Yellow = the levers to test in the debrief. Weights must sum to 100%.
A4: Component | B4: Key | C4: Weight | D4: What it measures / why
A5: Existing-customer transaction volume | B5: volume | C5: 0.45 | D5: Share of the 200 recent transactions in the state. The strongest traction signal: they are live users who'll give calibration feedback.
A6: Anchor customer (87) volume | B6: anchor | C6: 0.2 | D6: Customer 87 is our biggest account: Audit in 30+ states, 68% of transactions, D01 Autofill expansion. Winning them is the reference story.
A7: Commitments to existing customers | B7: commitment | C7: 0.2 | D7: Signed or explicit asks: D09 Q4 promise (GA/AL/TN), D02 Texas-first (TX; FL/AZ at 80%). Set on the Scorecard, column G.
A8: Probability-weighted Autofill pipeline | B8: pipeline | C8: 0.1 | D8: Autofill deals only, value x probability x haircut, split across states. Secondary to usage.
A9: Market size | B9: market | C9: 0.05 | D9: Average of normalized FHWA registrations and 2025 new-vehicle sales. A tie-breaker only.
A10: Total (must be 100%) | C10: =SUM(C5:C9) | D10: =IF(ROUND(C10,4)=1,"OK","Weights do not sum to 100%")
A11: Anchor customer_id | C11: 87
A12: Top N states | C12: 10

Sheet Calendar
A1: Calibration calendar: 1 person, 1 form per day
A2: Snapshot of the base-weight order. Wave 1 = the main form in each top-10 state (TX gets both forms, per D02). Wave 2 = the remaining forms by volume.
A4: Day | B4: Wave | C4: State | D4: Form | E4: Recent volume | F4: Cumulative % of transactions covered
A5: 1 | B5: 1 | C5: Texas | D5: New vehicle transaction | E5: =COUNTIFS(Transactions!$B$2:$B$201,C5,Transactions!$D$2:$D$201,D5) | F5: =SUM($E$5:E5)/COUNTA(Transactions!$A$2:$A$201)
A6: 2 | B6: 1 | C6: Texas | D6: Used vehicle transaction | E6: =COUNTIFS(Transactions!$B$2:$B$201,C6,Transactions!$D$2:$D$201,D6) | F6: =SUM($E$5:E6)/COUNTA(Transactions!$A$2:$A$201)
A7: 3 | B7: 1 | C7: Alabama | D7: Used vehicle transaction | E7: =COUNTIFS(Transactions!$B$2:$B$201,C7,Transactions!$D$2:$D$201,D7) | F7: =SUM($E$5:E7)/COUNTA(Transactions!$A$2:$A$201)
A8: 4 | B8: 1 | C8: Arizona | D8: Used vehicle transaction | E8: =COUNTIFS(Transactions!$B$2:$B$201,C8,Transactions!$D$2:$D$201,D8) | F8: =SUM($E$5:E8)/COUNTA(Transactions!$A$2:$A$201)
A9: 5 | B9: 1 | C9: Georgia | D9: New vehicle transaction | E9: =COUNTIFS(Transactions!$B$2:$B$201,C9,Transactions!$D$2:$D$201,D9) | F9: =SUM($E$5:E9)/COUNTA(Transactions!$A$2:$A$201)
A10: 6 | B10: 1 | C10: Florida | D10: New vehicle transaction | E10: =COUNTIFS(Transactions!$B$2:$B$201,C10,Transactions!$D$2:$D$201,D10) | F10: =SUM($E$5:E10)/COUNTA(Transactions!$A$2:$A$201)
A11: 7 | B11: 1 | C11: Tennessee | D11: New vehicle transaction | E11: =COUNTIFS(Transactions!$B$2:$B$201,C11,Transactions!$D$2:$D$201,D11) | F11: =SUM($E$5:E11)/COUNTA(Transactions!$A$2:$A$201)
A12: 8 | B12: 1 | C12: Colorado | D12: New vehicle transaction | E12: =COUNTIFS(Transactions!$B$2:$B$201,C12,Transactions!$D$2:$D$201,D12) | F12: =SUM($E$5:E12)/COUNTA(Transactions!$A$2:$A$201)
A13: 9 | B13: 1 | C13: Virginia | D13: Used vehicle transaction | E13: =COUNTIFS(Transactions!$B$2:$B$201,C13,Transactions!$D$2:$D$201,D13) | F13: =SUM($E$5:E13)/COUNTA(Transactions!$A$2:$A$201)
A14: 10 | B14: 1 | C14: California | D14: New vehicle transaction | E14: =COUNTIFS(Transactions!$B$2:$B$201,C14,Transactions!$D$2:$D$201,D14) | F14: =SUM($E$5:E14)/COUNTA(Transactions!$A$2:$A$201)
A15: 11 | B15: 1 | C15: Pennsylvania | D15: Used vehicle transaction | E15: =COUNTIFS(Transactions!$B$2:$B$201,C15,Transactions!$D$2:$D$201,D15) | F15: =SUM($E$5:E15)/COUNTA(Transactions!$A$2:$A$201)
A16: 12 | B16: 2 | C16: Colorado | D16: Used vehicle transaction | E16: =COUNTIFS(Transactions!$B$2:$B$201,C16,Transactions!$D$2:$D$201,D16) | F16: =SUM($E$5:E16)/COUNTA(Transactions!$A$2:$A$201)
... A24: 20 | B24: 2 | C24: Virginia | D24: New vehicle transaction | E24: =COUNTIFS(Transactions!$B$2:$B$201,C24,Transactions!$D$2:$D$201,D24) | F24: =SUM($E$5:E24)/COUNTA(Transactions!$A$2:$A$201)
A26: Assumption: 2 forms per state (new-vehicle title and used/transfer title). Replace with the real form list per state before committing.

Sheet Sensitivity
A1: Sensitivity: does the top 10 hold if the weights move?
A2: Snapshot from analysis.py: each weight is shifted +/-10pp (the others rescaled) = 11 scenarios including the base.
A4: State | B4: Times in top 10 | C4: Scenarios | D4: Best rank | E4: Worst rank
A5: Texas | B5: 11 | C5: 11 | D5: 1 | E5: 1
A6: Alabama | B6: 11 | C6: 11 | D6: 2 | E6: 2
A7: Arizona | B7: 11 | C7: 11 | D7: 3 | E7: 4
A8: Florida | B8: 11 | C8: 11 | D8: 3 | E8: 5
A9: Georgia | B9: 11 | C9: 11 | D9: 3 | E9: 5
A10: Colorado | B10: 11 | C10: 11 | D10: 6 | E10: 8
A11: Tennessee | B11: 11 | C11: 11 | D11: 6 | E11: 7
A12: Pennsylvania | B12: 11 | C12: 11 | D12: 9 | E12: 10
A13: California | B13: 10 | C13: 11 | D13: 8 | E13: 10
A14: Virginia | B14: 9 | C14: 11 | D14: 7 | E14: 10
A15: Arkansas | B15: 3 | C15: 11 | D15: 8 | E15: 9

Sheet Pipeline
A1: Sales pipeline and Autofill adjustments
A2: Blue = inputs (raw data, haircuts, exclusions). Adjusted value = value x probability x haircut, counted only if the deal includes Autofill.
A4: deal_id | B4: account | C4: segment | D4: stage | E4: close_probability | F4: annual_value_usd | G4: expected_close | H4: products | I4: states | J4: notes | K4: Includes Autofill? | L4: Excluded? (1=yes) | M4: Haircut | N4: Counted? | O4: Adjusted value ($) | P4: # states | Q4: Adjustment reason
A5: D01 | B5: Existing customer 87 | C5: Fleet management | D5: Proposal | E5: 0.6 | F5: 180000 | G5: 2026-11-15 | H5: Autofill | I5: All 50 | J5: Expansion. Already uses Audit in 30+ states. Wants Autofill everywhere they operate. | K5: =IF(OR(ISNUMBER(SEARCH("Autofill",H5)),ISNUMBER(SEARCH("Complete",H5))),1,0) | L5: 0 | M5: 1 | N5: =IF(AND(K5=1,L5=0,E5>0),1,0) | O5: =N5*F5*E5*M5 | P5: 50
A6: D02 | B6: Existing customer 110 / 121 | C6: Fleet management | D6: Negotiation | E6: 0.8 | F6: 150000 | G6: 2026-10-31 | H6: Autofill | I6: TX, FL, AZ | J6: Expansion. Pricing agreed; wants Texas live first. | K6: =IF(OR(ISNUMBER(SEARCH("Autofill",H6)),ISNUMBER(SEARCH("Complete",H6))),1,0) | L6: 0 | M6: 1 | N6: =IF(AND(K6=1,L6=0,E6>0),1,0) | O6: =N6*F6*E6*M6 | P6: 3
A7: D03 | B7: Lone Star Auto Group | C7: Dealer group | D7: POC | E7: 0.35 | F7: 420000 | G7: 2027-01-15 | H7: Audit + Autofill | I7: TX | J7: 25 rooftops. POC scored on Autofill accuracy. | K7: =IF(OR(ISNUMBER(SEARCH("Autofill",H7)),ISNUMBER(SEARCH("Complete",H7))),1,0) | L7: 0 | M7: 1 | N7: =IF(AND(K7=1,L7=0,E7>0),1,0) | O7: =N7*F7*E7*M7 | P7: 1
A8: D04 | B8: Sunshine Tag Services | C8: Tag agency | D8: Qualified | E8: 0.2 | F8: 65000 | G8: 2026-12-15 | H8: Autofill | I8: FL | K8: =IF(OR(ISNUMBER(SEARCH("Autofill",H8)),ISNUMBER(SEARCH("Complete",H8))),1,0) | L8: 0 | M8: 1 | N8: =IF(AND(K8=1,L8=0,E8>0),1,0) | O8: =N8*F8*E8*M8 | P8: 1
A9: D05 | B9: Pacific Coast Remarketing | C9: Auction | D9: Discovery | E9: 0.1 | F9: 900000 | G9: 2027-06-30 | H9: Complete | I9: CA, OR, WA, NV, AZ | J9: First call held. Amount is rep's estimate. | K9: =IF(OR(ISNUMBER(SEARCH("Autofill",H9)),ISNUMBER(SEARCH("Complete",H9))),1,0) | L9: 0 | M9: 0.5 | N9: =IF(AND(K9=1,L9=0,E9>0),1,0) | O9: =N9*F9*E9*M9 | P9: 5 | Q9: Discovery stage; amount is the rep's estimate after one call
A10: D06 | B10: National Fleet Partners | C10: Fleet management | D10: Legal Review | E10: 0.5 | F10: 1200000 | G10: 2026-06-30 | H10: Complete | I10: All 50 | J10: Stuck in legal review since May. | K10: =IF(OR(ISNUMBER(SEARCH("Autofill",H10)),ISNUMBER(SEARCH("Complete",H10))),1,0) | L10: 0 | M10: 0.25 | N10: =IF(AND(K10=1,L10=0,E10>0),1,0) | O10: =N10*F10*E10*M10 | P10: 50 | Q10: Expected close 2026-06-30 already passed; stuck in legal since May
A11: D07 | B11: Old Dominion Dealers Association | C11: Dealer association | D11: Negotiation | E11: 0.75 | F11: 1500000 | G11: 2026-12-31 | H11: Audit + Autofill | I11: VA | J11: Verbal yes. Autofill is a must-have to sign. | K11: =IF(OR(ISNUMBER(SEARCH("Autofill",H11)),ISNUMBER(SEARCH("Complete",H11))),1,0) | L11: 0 | M11: 1 | N11: =IF(AND(K11=1,L11=0,E11>0),1,0) | O11: =N11*F11*E11*M11 | P11: 1
A12: D08 | B12: Chesapeake Dealer Alliance | C12: Dealer association | D12: Proposal | E12: 0.25 | F12: 2000000 | G12: 2027-03-31 | H12: Audit + Autofill | I12: MD | J12: Depends on a state fee bill passing next session. | K12: =IF(OR(ISNUMBER(SEARCH("Autofill",H12)),ISNUMBER(SEARCH("Complete",H12))),1,0) | L12: 0 | M12: 0.5 | N12: =IF(AND(K12=1,L12=0,E12>0),1,0) | O12: =N12*F12*E12*M12 | P12: 1 | Q12: Conditional on a state fee bill passing next session
A13: D09 | B13: Peach State Motors | C13: Dealer group | D13: Closed Won | E13: 1 | F13: 95000 | G13: 2026-09-15 | H13: Audit + Autofill | I13: GA, AL, TN | J13: Signed. Onboarding starts in October; Autofill promised for Q4. | K13: =IF(OR(ISNUMBER(SEARCH("Autofill",H13)),ISNUMBER(SEARCH("Complete",H13))),1,0) | L13: 0 | M13: 1 | N13: =IF(AND(K13=1,L13=0,E13>0),1,0) | O13: =N13*F13*E13*M13 | P13: 3
A14: D10 | B14: Midwest Wholesale Auctions | C14: Auction | D14: POC | E14: 0.35 | F14: 2500000 | G14: 2027-02-28 | H14: Audit | I14: IL, IN, OH, MI, WI, MO, IA | K14: =IF(OR(ISNUMBER(SEARCH("Autofill",H14)),ISNUMBER(SEARCH("Complete",H14))),1,0) | L14: 1 | M14: 1 | N14: =IF(AND(K14=1,L14=0,E14>0),1,0) | O14: =N14*F14*E14*M14 | P14: 7 | Q14: Audit only; creates no Autofill calibration need
A15: D11 | B15: Great Lakes Title Co | C15: Tag agency | D15: Discovery | E15: 0.1 | F15: 40000 | G15: 2027-03-31 | H15: Autofill | I15: MI | K15: =IF(OR(ISNUMBER(SEARCH("Autofill",H15)),ISNUMBER(SEARCH("Complete",H15))),1,0) | L15: 0 | M15: 1 | N15: =IF(AND(K15=1,L15=0,E15>0),1,0) | O15: =N15*F15*E15*M15 | P15: 1
A16: D12 | B16: Rocky Mountain Fleet | C16: Fleet management | D16: Qualified | E16: 0.2 | F16: 210000 | G16: 2027-01-31 | H16: Audit + Autofill | I16: CO, UT, WY, NM | K16: =IF(OR(ISNUMBER(SEARCH("Autofill",H16)),ISNUMBER(SEARCH("Complete",H16))),1,0) | L16: 0 | M16: 1 | N16: =IF(AND(K16=1,L16=0,E16>0),1,0) | O16: =N16*F16*E16*M16 | P16: 4
A17: D13 | B17: Coastal Carolina Motors | C17: Dealer group | D17: Closed Lost | E17: 0 | F17: 75000 | G17: 2026-08-31 | H17: Audit + Autofill | I17: NC, SC | J17: Went with an in-house process. | K17: =IF(OR(ISNUMBER(SEARCH("Autofill",H17)),ISNUMBER(SEARCH("Complete",H17))),1,0) | L17: 0 | M17: 1 | N17: =IF(AND(K17=1,L17=0,E17>0),1,0) | O17: =N17*F17*E17*M17 | P17: 2 | Q17: Closed Lost: 0% probability
A18: D14 | B18: Empire Leasing | C18: Fleet management | D18: Proposal | E18: 0.45 | F18: 600000 | G18: 2027-01-31 | H18: Audit + Autofill | I18: NY, NJ, PA, CT, MA | K18: =IF(OR(ISNUMBER(SEARCH("Autofill",H18)),ISNUMBER(SEARCH("Complete",H18))),1,0) | L18: 0 | M18: 1 | N18: =IF(AND(K18=1,L18=0,E18>0),1,0) | O18: =N18*F18*E18*M18 | P18: 5
A19: D15 | B19: Gulf South Auto | C19: Dealer group | D19: POC | E19: 0.35 | F19: 55000 | G19: 2026-12-31 | H19: Autofill | I19: LA, MS, AL | K19: =IF(OR(ISNUMBER(SEARCH("Autofill",H19)),ISNUMBER(SEARCH("Complete",H19))),1,0) | L19: 0 | M19: 1 | N19: =IF(AND(K19=1,L19=0,E19>0),1,0) | O19: =N19*F19*E19*M19 | P19: 3
A20: D16 | B20: Heartland Rental Fleet | C20: Fleet management | D20: Discovery | E20: 0.1 | F20: 800000 | G20: 2027-09-30 | H20: Complete | I20: All 50 | K20: =IF(OR(ISNUMBER(SEARCH("Autofill",H20)),ISNUMBER(SEARCH("Complete",H20))),1,0) | L20: 0 | M20: 1 | N20: =IF(AND(K20=1,L20=0,E20>0),1,0) | O20: =N20*F20*E20*M20 | P20: 50
A21: D17 | B21: Desert Sun Dealers | C21: Dealer group | D21: Negotiation | E21: 0.7 | F21: 130000 | G21: 2026-11-30 | H21: Audit + Autofill | I21: AZ, NV | K21: =IF(OR(ISNUMBER(SEARCH("Autofill",H21)),ISNUMBER(SEARCH("Complete",H21))),1,0) | L21: 0 | M21: 1 | N21: =IF(AND(K21=1,L21=0,E21>0),1,0) | O21: =N21*F21*E21*M21 | P21: 2
A22: D18 | B22: Big Sky Motors | C22: Dealer group | D22: Qualified | E22: 0.2 | F22: 25000 | G22: 2027-02-28 | H22: Autofill | I22: MT | K22: =IF(OR(ISNUMBER(SEARCH("Autofill",H22)),ISNUMBER(SEARCH("Complete",H22))),1,0) | L22: 0 | M22: 1 | N22: =IF(AND(K22=1,L22=0,E22>0),1,0) | O22: =N22*F22*E22*M22 | P22: 1
A23: D19 | B23: Tri-State Tag & Title | C23: Tag agency | D23: Closed Lost | E23: 0 | F23: 310000 | G23: 2026-07-31 | H23: Audit + Autofill | I23: NY, NJ, PA | J23: Lost to a competitor. Reason given: we had no Autofill. | K23: =IF(OR(ISNUMBER(SEARCH("Autofill",H23)),ISNUMBER(SEARCH("Complete",H23))),1,0) | L23: 0 | M23: 1 | N23: =IF(AND(K23=1,L23=0,E23>0),1,0) | O23: =N23*F23*E23*M23 | P23: 3 | Q23: Closed Lost: 0% probability
A24: D20 | B24: Keystone Fleet Services | C24: Fleet management | D24: Legal Review | E24: 0.6 | F24: 450000 | G24: 2026-11-30 | H24: Audit + Autofill | I24: PA, NJ, DE, MD | K24: =IF(OR(ISNUMBER(SEARCH("Autofill",H24)),ISNUMBER(SEARCH("Complete",H24))),1,0) | L24: 0 | M24: 1 | N24: =IF(AND(K24=1,L24=0,E24>0),1,0) | O24: =N24*F24*E24*M24 | P24: 4
N25: Total | O25: =SUM(O5:O24)

Sheet Pipeline Alloc
A1: Pipeline allocated to states
A2: Each deal's adjusted value is split evenly across the states it covers ('All 50' = 50 states).
A4: deal_id | B4: state | C4: # states | D4: Deal adjusted value ($) | E4: Allocated to state ($)
A5: D01 | B5: Alabama | C5: =INDEX(Pipeline!$P$5:$P$24,MATCH(A5,Pipeline!$A$5:$A$24,0)) | D5: =INDEX(Pipeline!$O$5:$O$24,MATCH(A5,Pipeline!$A$5:$A$24,0)) | E5: =IF(C5=0,0,D5/C5)
A6: D01 | B6: Alaska | C6: =INDEX(Pipeline!$P$5:$P$24,MATCH(A6,Pipeline!$A$5:$A$24,0)) | D6: =INDEX(Pipeline!$O$5:$O$24,MATCH(A6,Pipeline!$A$5:$A$24,0)) | E6: =IF(C6=0,0,D6/C6)
A7: D01 | B7: Arizona | C7: =INDEX(Pipeline!$P$5:$P$24,MATCH(A7,Pipeline!$A$5:$A$24,0)) | D7: =INDEX(Pipeline!$O$5:$O$24,MATCH(A7,Pipeline!$A$5:$A$24,0)) | E7: =IF(C7=0,0,D7/C7)
A8: D01 | B8: Arkansas | C8: =INDEX(Pipeline!$P$5:$P$24,MATCH(A8,Pipeline!$A$5:$A$24,0)) | D8: =INDEX(Pipeline!$O$5:$O$24,MATCH(A8,Pipeline!$A$5:$A$24,0)) | E8: =IF(C8=0,0,D8/C8)
A9: D01 | B9: California | C9: =INDEX(Pipeline!$P$5:$P$24,MATCH(A9,Pipeline!$A$5:$A$24,0)) | D9: =INDEX(Pipeline!$O$5:$O$24,MATCH(A9,Pipeline!$A$5:$A$24,0)) | E9: =IF(C9=0,0,D9/C9)
A10: D01 | B10: Colorado | C10: =INDEX(Pipeline!$P$5:$P$24,MATCH(A10,Pipeline!$A$5:$A$24,0)) | D10: =INDEX(Pipeline!$O$5:$O$24,MATCH(A10,Pipeline!$A$5:$A$24,0)) | E10: =IF(C10=0,0,D10/C10)
A11: D01 | B11: Connecticut | C11: =INDEX(Pipeline!$P$5:$P$24,MATCH(A11,Pipeline!$A$5:$A$24,0)) | D11: =INDEX(Pipeline!$O$5:$O$24,MATCH(A11,Pipeline!$A$5:$A$24,0)) | E11: =IF(C11=0,0,D11/C11)
A12: D01 | B12: Delaware | C12: =INDEX(Pipeline!$P$5:$P$24,MATCH(A12,Pipeline!$A$5:$A$24,0)) | D12: =INDEX(Pipeline!$O$5:$O$24,MATCH(A12,Pipeline!$A$5:$A$24,0)) | E12: =IF(C12=0,0,D12/C12)
A13: D01 | B13: Florida | C13: =INDEX(Pipeline!$P$5:$P$24,MATCH(A13,Pipeline!$A$5:$A$24,0)) | D13: =INDEX(Pipeline!$O$5:$O$24,MATCH(A13,Pipeline!$A$5:$A$24,0)) | E13: =IF(C13=0,0,D13/C13)
A14: D01 | B14: Georgia | C14: =INDEX(Pipeline!$P$5:$P$24,MATCH(A14,Pipeline!$A$5:$A$24,0)) | D14: =INDEX(Pipeline!$O$5:$O$24,MATCH(A14,Pipeline!$A$5:$A$24,0)) | E14: =IF(C14=0,0,D14/C14)
A15: D01 | B15: Hawaii | C15: =INDEX(Pipeline!$P$5:$P$24,MATCH(A15,Pipeline!$A$5:$A$24,0)) | D15: =INDEX(Pipeline!$O$5:$O$24,MATCH(A15,Pipeline!$A$5:$A$24,0)) | E15: =IF(C15=0,0,D15/C15)
A16: D01 | B16: Idaho | C16: =INDEX(Pipeline!$P$5:$P$24,MATCH(A16,Pipeline!$A$5:$A$24,0)) | D16: =INDEX(Pipeline!$O$5:$O$24,MATCH(A16,Pipeline!$A$5:$A$24,0)) | E16: =IF(C16=0,0,D16/C16)
... A201: D20 | B201: Maryland | C201: =INDEX(Pipeline!$P$5:$P$24,MATCH(A201,Pipeline!$A$5:$A$24,0)) | D201: =INDEX(Pipeline!$O$5:$O$24,MATCH(A201,Pipeline!$A$5:$A$24,0)) | E201: =IF(C201=0,0,D201/C201)

Sheet Market Data
A1: state | B1: abbr | C1: FHWA registrations 2023 | D1: New vehicle sales 2025 | F1: Sources
A2: Alabama | B2: AL | C2: 5446619 | D2: 224295 | F2: FHWA Highway Statistics 2023, Table MV-1, 'All motor vehicles, Total' column: https://www.fhwa.dot.gov/policyinformation/statistics/2023/pdf/mv1.pdf
A3: Alaska | B3: AK | C3: 680974 | D3: 32832 | F3: 2025 new-vehicle sales by state: F&I Tools Full Year 2025 Vehicle Sales Report via https://www.factorywarrantylist.com/car-sales-by-state.html
A4: Arizona | B4: AZ | C4: 6447062 | D4: 397830 | F4: DC has no 2025 sales figure; its market score uses registrations only.
A5: Arkansas | B5: AR | C5: 3338322 | D5: 136190 | F5: Caveat: Oklahoma's sales figure (610k) looks high relative to its registrations. Market is only 5% of the score, so it doesn't move the top 10.
A6: California | B6: CA | C6: 31057329 | D6: 1806762 | F6: Used-vehicle volume by state isn't included; registrations stand in for the total title/registration workload.
A7: Colorado | B7: CO | C7: 5211580 | D7: 222349
A8: Connecticut | B8: CT | C8: 2837111 | D8: 151624
A9: Delaware | B9: DE | C9: 445240 | D9: 51423
A10: District of Columbia | B10: DC | C10: 344088
A11: Florida | B11: FL | C11: 19519552 | D11: 1491315
A12: Georgia | B12: GA | C12: 9195822 | D12: 528080
A13: Hawaii | B13: HI | C13: 1262693 | D13: 66648
A14: Idaho | B14: ID | C14: 2057655 | D14: 80321
A15: Illinois | B15: IL | C15: 10139685 | D15: 578640
A16: Indiana | B16: IN | C16: 5775462 | D16: 257628
A17: Iowa | B17: IA | C17: 3827780 | D17: 129070
A18: Kansas | B18: KS | C18: 2472852 | D18: 104168
A19: Kentucky | B19: KY | C19: 4551497 | D19: 156226
A20: Louisiana | B20: LA | C20: 4522457 | D20: 218561
A21: Maine | B21: ME | C21: 1366649 | D21: 65758
A22: Maryland | B22: MD | C22: 4935108 | D22: 227269
... A52: Wyoming | B52: WY | C52: 890622 | D52: 24665

Sheet Transactions
A1: customer_id | B1: state | C1: date | D1: transaction_type
A2: 87 | B2: Arizona | C2: 2026-09-28 | D2: Used vehicle transaction
A3: 87 | B3: Arizona | C3: 2026-09-28 | D3: Used vehicle transaction
A4: 87 | B4: Arizona | C4: 2026-09-28 | D4: Used vehicle transaction
A5: 87 | B5: Arizona | C5: 2026-09-28 | D5: Used vehicle transaction
A6: 87 | B6: Colorado | C6: 2026-09-28 | D6: New vehicle transaction
A7: 87 | B7: New Jersey | C7: 2026-09-28 | D7: New vehicle transaction
A8: 87 | B8: Alabama | C8: 2026-09-28 | D8: Used vehicle transaction
A9: 87 | B9: Arizona | C9: 2026-09-28 | D9: New vehicle transaction
A10: 87 | B10: Ohio | C10: 2026-09-28 | D10: Used vehicle transaction
A11: 87 | B11: Colorado | C11: 2026-09-28 | D11: New vehicle transaction
A12: 87 | B12: Alabama | C12: 2026-09-28 | D12: Used vehicle transaction
A13: 87 | B13: Alabama | C13: 2026-09-28 | D13: Used vehicle transaction
... A201: 87 | B201: Texas | C201: 2026-09-24 | D201: New vehicle transaction

Sheet Feedback Process
A1: Part 2: Customer feedback -> form and mapping changes
A2: Process steps, then a triage of the six example comments.
A4: Step | B4: What happens
A5: 1. Capture | B5: Every comment is logged against a form, field, transaction and customer (structured, not free-text email).
A6: 2. Classify | B6: Mapping error / condition error / customer preference / extraction bug / form version / conflicting.
A7: 3. Verify | B7: Check against the DMV rule or instructions and the source documents before changing anything.
A8: 4. Scope | B8: Decide global (state rule) vs per-customer override. The default is global only when the state rule supports it.
A9: 5. Change | B9: Edit the mapping record (or route to AI or forms work) with a reason and a link to the comment.
A10: 6. Test | B10: Regression-test against past calibrated transactions for that form before publishing.
A11: 7. Close loop | B11: Reply to the customer, and track repeat-error rate per form as the calibration quality KPI.
A14: # | B14: Comment | C14: Category | D14: Likely root cause | E14: How to verify | F14: Scope | G14: Action / owner | H14: Priority
A15: 1 | B15: Box 12 should have the lessor's name, not the lessee's. | C15: Mapping error (wrong source field) | D15: Mapping points at lessee instead of lessor. | E15: Check the DMV form instructions for Box 12. | F15: Global: all customers on this form. | G15: Calibrator edits the mapping record; regression-test leased transactions. | H15: High
A16: 2 | B16: We never fill in the odometer reading on brand-new vehicles. Please leave it blank. | C16: Customer preference vs state rule | D16: May be a house habit or a real exemption. | E16: Check the state rule: is odometer required or exempt for new vehicles? | F16: If the state exempts it: global conditional rule. If only a preference: per-customer override. | G16: Calibrator adds a condition, or a customer-level override, and logs the reason. | H16: Medium
A17: 3 | B17: The VIN on page 2 is wrong. It has an O where it should be a 0. | C17: Data / extraction error (not a mapping) | D17: OCR/extraction misread; VINs never contain I, O or Q. | E17: Compare to the source document; check the VIN check digit. | F17: Global extraction fix plus a validation rule. | G17: Route to the AI/extraction team; add a VIN validation check. No mapping change. | H17: High
A18: 4 | B18: This is the old version of the form. The DMV switched to the new one last month. | C18: Form version change | D18: The form template is stale. | E18: Confirm on the DMV site; diff old vs new fields. | F18: Global: the form and every mapping on it. | G18: Version the form record, re-map changed fields, re-calibrate; set up DMV form-change monitoring. | H18: Critical
A19: 5 | B19: The purchase price should include the dealer fees. (A second clerk said the opposite.) | C19: Conflicting feedback | D19: Ambiguous state definition or inconsistent internal practice. | E19: Check the state's definition of taxable purchase price; ask the customer's admin for the policy. | F19: Global if the state defines it; per-customer only if the state allows either. | G19: Hold the change; escalate to the customer's account owner for one answer; document the decision. | H19: Medium
A20: 6 | B20: Why is the lienholder section filled in? This vehicle was paid in cash. | C20: Mapping rule / condition error | D20: Condition 'only fill if financed' is missing, or bad input data. | E20: Check the transaction: does the input data show a lien? | F20: Global rule fix if the condition is wrong; data fix if the input was wrong. | G20: Calibrator adds or fixes the condition; regression-test cash and financed transactions. | H20: High
